school,student,sex,score1,score2
20920,27,1,39,76.8
20920,31,1,36,87.9
20920,42,0,16,44.4
20920,101,1,49,89.8
20920,113,0,25,17.5
22520,1,1,48,84.2
22520,7,0,46,66.6
22520,9,1,28,47.2
22520,15,1,43,80.5
22520,16,0,29,57.4
22520,18,1,25,42.5
22520,21,0,30,36.1
22520,24,1,44,58.3
22520,25,0,30,37.9
22520,27,1,26,74
22520,29,0,30,41.6
22520,34,1,39,76.8
22520,37,1,41,34.2
22520,41,1,44,86.1
22520,42,0,36,56.4
22520,43,1,45,42.5
22520,45,1,41,63.8
22520,47,1,28,20.3
22520,52,1,31,51.8
22520,55,1,51,76.8
22520,57,0,51,65.7
22520,60,1,38,56.4
22520,63,0,44,75.9
22520,64,1,41,76.8
22520,66,1,32,66.6
22520,67,0,41,31.4
22520,69,0,36,51.8
22520,78,1,13,28.7
22520,83,0,34,46.2
22520,84,1,23,51.8
22520,85,1,26,66.6
22520,87,1,36,79.6
22520,90,1,25,39.8
22520,91,0,33,47.2
22520,104,0,31,62.9
22520,106,0,33,40.7
22520,108,1,57,90.7
22520,110,0,26,51.8
22520,111,1,33,54.6
22520,112,1,45,95.3
22520,115,0,3.1,9.25
22520,121,1,27,26.8
22520,128,0,23,50
22520,131,0,39,44.4
22520,134,0,64,59.2
22520,143,1,53,87.9
22520,144,1,46,93.5
22520,146,1,40,75.9
22520,153,0,28,26.8
22520,157,1,27,61.1
22520,163,1,40,54.6
22520,164,1,39,76.8
22520,170,1,30,80.5
22520,177,1,32,41.6
22520,178,1,26,60.1
22520,181,1,35,53.7
22710,11,0,41,91.6
22710,46,0,36,94.4
22710,49,0,55,94.4
22710,57,1,11,73.1
22710,58,0,33,80.5
22710,77,1,0.6,41.6
22710,79,1,31,93.5
22710,84,1,41,90.7
22710,90,0,21,60.1
22710,102,1,26,82.4
22710,103,1,30,82.4
22710,109,0,35,78.7
22710,169,1,55,94.4
22738,7,1,43,75
22738,32,0,53,58.3
22738,87,0,51,82.4
22738,106,1,59,75
22738,119,0,58,80.5
22738,159,1,50,82.4
22738,173,0,63,60.1
22738,203,0,49,69.4
22908,6,1,55,62
22908,17,0,61,83.3
22908,69,1,60,71.2
23208,1,1,60,84.2
23208,9,1,33,95.3
23208,11,1,44,78.7
23208,12,1,45,38.8
23208,13,0,58,88.8
23208,18,1,36,78.7
23208,28,1,38,90.7
23208,30,0,76,78.7
23208,31,1,33,87
23208,37,1,45,78.7
23208,39,1,49,83.3
23208,40,0,82,69.4
23208,43,1,44,56.4
23208,46,1,48,91.6
23208,48,1,58,82.4
23208,53,1,52,80.5
23208,60,1,52,83.3
23208,61,1,26,80.5
23208,65,1,43,83.3
23208,80,0,76,80.5
25241,5049,0,67,67.5
25241,5111,0,64,72.2
25241,5146,0,68,72.2
30474,8,0,71,89.8
30474,12,0,61,95.3
30474,18,0,30,87
30474,20,0,48,56.4
30474,27,0,55,75
30474,34,0,68,77.7
30474,45,0,62,76.8
30474,46,0,80,79.6
30474,49,0,56,67.5
30474,54,0,64,87.9
30474,62,0,53,89.8
30474,80,0,68,98.1
30474,83,0,71,90.7
30474,89,0,60,78.7
30474,97,0,63,84.2
30474,100,0,39,74
30474,104,0,66,83.3
30474,106,0,63,81.4
30474,107,0,53,87.9
30474,116,1,36,64.8
30474,118,1,43,61.1
30474,132,1,61,76.8
30474,152,1,46,66.6
30474,157,1,51,75
30474,163,1,79,86.1
30474,186,1,41,94.4
30474,187,1,79,98.1
30474,190,1,53,93.5
30474,192,1,65,97.2
30474,194,1,46,85.1
30474,197,1,53,88.8
30474,203,1,51,86.1
30474,208,1,40,85.1
35270,13,1,46,62
35270,14,1,46,56.4
35270,27,1,64,69.4
35270,28,0,28,50
35270,29,1,63,69.4
35270,33,1,46,59.2
35270,34,0,55,67.5
35270,40,0,65,58.3
35270,46,0,52,48.1
37224,5,1,52,58.3
37224,9,0,40,64.8
37224,12,1,59,62
37224,14,0,48,68.5
37224,24,0,44,59.2
37224,26,1,50,61.1
37224,36,0,59,87
37224,40,1,35,70.3
37224,53,0,48,38.8
37224,68,0,31,71.2
37224,73,1,28,65.7
37224,77,1,52,50.9
37224,81,0,37,51.8
37224,88,0,60,70.3
37224,106,0,40,55.5
37224,110,1,37,63.8
37224,116,0,51,75.9
37224,122,0,26,65.7
37224,124,0,43,73.1
37224,143,1,51,78.7
37224,144,0,53,73.1
37224,145,0,52,57.4
37224,148,1,44,75
37224,154,0,46,69.4
37224,157,1,43,51.8
37224,185,1,55,75.9
37224,189,0,46,71.2
37224,200,1,44,73.1
37224,203,0,68,73.1
37224,204,0,41,62.9
37224,221,0,41,69.4
37224,231,0,30,65.7
37224,265,1,48,80.5
37224,268,1,49,68.5
37224,282,0,51,61.1
37224,293,1,44,65.7
37224,295,1,43,46.2
47627,93,1,46,67.5
47627,97,1,53,69.4
47627,101,0,71,75
47627,105,0,37,58.3
47627,106,0,50,17.5
47627,107,0,70,67.5
50627,8,0,57,60.1
50627,40,0,62,57.4
50627,52,0,50,54.6
50627,53,0,39,31.4
50627,57,0,41,50
50627,69,0,45,55.5
50627,76,0,49,33.3
50627,81,0,45,52.7
50627,86,0,62,55.5
50627,94,0,46,48.1
50627,96,0,58,35.1
50627,107,1,40,58.3
50627,109,1,48,81.4
50627,122,1,41,61.1
50627,128,1,71,72.2
50627,148,1,46,63.8
50627,152,1,30,47.2
50627,161,1,30,60.1
50627,183,1,52,59.2
50631,5014,1,43,78.7
50631,5026,0,48,72.2
50631,5030,1,58,83.3
50631,5034,1,48,79.6
50631,5037,1,38,83.3
50631,5041,0,73,96.2
50631,5055,1,48,100
50631,5056,0,52,98.1
50631,5058,1,64,98.1
50631,5060,1,43,99
50631,5070,0,56,80.5
50631,5086,1,45,98.1
50631,5105,1,65,100
50631,5110,1,49,94.4
50631,5140,1,28,75
50631,5151,1,50,100
50631,5168,1,40,98.1
50631,5177,0,60,94.4
50631,5191,1,36,66.6
60421,8,1,41,93.5
60421,17,1,33,76.8
60421,104,1,44,90.7
60421,140,0,57,65.7
60421,142,1,51,76.8
60427,15,0,26,49
60427,24,0,48,100
60427,50,0,46,86.1
60427,58,0,65,99
60427,83,0,46,95.3
60427,96,0,46,86.1
60427,112,0,45,93.5
60427,114,0,20,53.7
60427,210,1,71,100
60427,211,1,63,100
60427,223,1,52,100
60427,224,1,63,100
60427,234,1,33,77.7
60427,250,1,63,100
60427,255,1,36,98.1
60427,265,1,62,100
60427,295,1,25,89.8
60427,304,1,38,97.2
60427,308,1,65,100
60427,310,1,38,94.4
60427,316,1,27,71.2
60437,19,0,48,89.8
60437,49,0,48,99
60437,50,1,55,93.5
60437,60,1,48,95.3
60437,66,0,46,82.4
60437,69,0,53,89.8
60437,86,1,35,74
60437,99,1,70,91.6
60437,103,0,56,96.2
60437,104,1,46,90.7
60437,126,1,48,100
60437,129,0,64,84.2
60437,139,1,39,83.3
60437,148,0,45,87
60437,149,1,70,99
60437,153,0,53,99
60437,167,0,39,59.2
60437,194,1,46,84.2
60439,1009,0,46,87
60439,1012,1,41,60.1
60439,1031,1,53,86.1
60439,1037,0,55,71.2
60439,1094,1,58,77.7
60439,1120,0,64,86.1
60439,1123,0,73,81.4
60439,1133,1,76,84.2
60439,1152,1,60,61.1
60441,201,1,38,81.4
60441,204,1,41,66.6
60441,211,0,39,63.8
60441,222,1,45,75
60441,237,1,57,57.4
60441,241,0,46,59.2
60441,284,1,33,82.4
60441,290,1,46,79.6
60441,292,1,53,79.6
60441,293,1,51,70.3
60441,294,1,40,78.7
60441,297,1,21,58.3
60441,326,1,33,74
60441,330,0,44,53.7
60441,374,1,49,71.2
60441,377,0,56,62
60455,1003,1,44,84.2
60455,1008,0,37,62
60455,1009,0,20,48.1
60455,1010,0,63,59.2
60455,1011,1,53,93.5
60455,1016,1,61,89.8
60455,1017,1,62,93.5
60455,1018,1,64,92.5
60455,1020,1,39,75
60455,1021,0,57,68.5
60455,1022,1,60,94.4
60455,1023,0,61,56.4
60455,1027,1,53,94.4
60455,1030,1,63,96.2
60455,1035,1,33,57.4
60455,1037,1,68,96.2
60455,1047,0,41,57.4
60455,1049,1,43,82.4
60455,1055,0,56,85.1
60455,1057,1,48,84.2
60455,1060,1,69,87.9
60455,1065,1,25,61.1
60455,1074,1,52,89.8
60455,1079,0,48,64.8
60455,1081,1,45,95.3
60455,1083,0,59,97.2
60455,1091,1,48,95.3
60455,1098,0,48,79.6
60455,1108,0,60,86.1
60455,1116,1,45,90.7
60455,1130,1,53,87.9
60455,1135,0,61,93.5
60455,1137,1,40,79.6
60455,1144,1,48,83.3
60455,1145,0,43,71.2
60455,1149,0,55,83.3
60457,1,0,41,85.1
60457,3,1,60,100
60457,11,1,59,98.1
60457,12,0,20,81.4
60457,13,1,37,82.4
60457,18,0,62,98.1
60457,27,0,71,72.2
60457,31,1,37,90.7
60457,40,0,58,74
60457,43,0,52,78.7
60457,44,1,62,96.2
60457,48,0,63,77.7
60457,56,0,71,95.3
60457,62,1,53,89.8
60457,65,0,43,90.7
60457,70,0,60,95.3
60457,71,1,48,93.5
60457,76,1,58,92.5
60457,79,1,57,98.1
60457,81,0,43,60.1
60457,94,1,58,79.6
60457,110,1,53,95.3
60457,120,0,53,91.6
60457,121,0,50,59.2
60457,130,1,48,97.2
60457,132,0,52,81.4
60457,134,1,51,98.1
60457,142,1,69,99
60457,143,1,40,90.7
60457,151,0,58,83.3
60457,152,0,78,82.4
60457,155,0,34,54.6
60457,159,0,41,82.4
60457,163,1,43,84.2
60457,169,1,68,93.5
60457,174,0,70,72.2
60457,178,1,43,88.8
60457,184,0,64,78.7
60457,198,0,56,76.8
60457,210,0,70,84.2
60457,221,1,50,98.1
60457,222,0,41,87
60457,224,0,62,77.7
60457,231,1,46,96.2
60501,6,1,57,80.5
60501,26,0,61,88.8
60501,28,1,33,50
60501,30,0,41,72.2
60501,31,1,58,96.2
60501,36,0,43,44.4
60501,44,0,65,92.5
60501,46,0,44,69.4
60501,51,0,48,91.6
60501,52,1,60,96.2
60501,54,1,56,61.1
60501,58,1,51,92.5
60501,59,1,35,62.9
60501,66,1,36,87.9
60501,67,0,60,87.9
60501,78,1,48,66.6
60501,109,0,46,48.1
60501,110,1,55,94.4
60501,111,1,36,49
60501,116,0,43,67.5
60501,121,1,51,76.8
60501,146,1,45,88.8
60501,163,1,62,97.2
60729,264,0,46,82.4
60729,272,1,65,92.5
60729,302,0,56,86.1
60729,331,0,69,94.4
60729,337,1,53,94.4
60729,342,1,76,92.5
60741,4006,1,41,84.2
60741,4010,1,53,87.9
60741,4012,1,61,75.9
60741,4016,1,46,86.1
60741,4028,1,39,64.8
60741,4031,1,48,81.4
60741,4042,1,50,86.1
60741,4050,0,43,41.6
60741,4056,1,38,80.5
60741,4064,1,43,76.8
60741,4066,1,25,51.8
60741,4074,1,43,71.2
60741,4085,1,48,77.7
60741,4091,1,46,67.5
60741,4097,0,39,54.6
60741,4106,1,48,86.1
60741,4116,1,44,72.2
60741,4120,0,37,33.3
60741,4122,0,50,77.7
60741,4124,1,36,79.6
60741,4151,1,44,81.4
60741,4154,0,62,76.8
63619,4,0,61,73.1
63619,55,0,59,74
63619,59,0,48,71.2
63619,77,1,40,54.6
63833,5012,0,41,65.7
63833,5023,0,36,57.4
63833,5047,1,59,79.6
63833,5079,0,50,65.7
63833,5083,0,61,71.2
63833,5092,1,71,83.3
63833,5112,1,64,75.9
63833,5140,0,57,71.2
63833,5196,0,36,65.7
63833,5212,0,45,67.5
64251,1007,1,65,97.2
64251,1009,1,50,91.6
64251,1019,0,65,81.4
64251,1022,0,62,76.8
64251,1031,0,53,71.2
64251,1120,0,44,87
64251,1122,1,57,90.7
64251,1126,1,61,85.1
64251,1132,1,61,87
64251,1133,1,44,88.8
64251,1150,1,76,92.5
64251,1151,1,71,93.5
64251,1162,0,61,81.4
64251,1175,0,44,88.8
64251,1184,1,56,86.1
64251,1191,1,55,76.8
64251,1196,0,46,87
64251,1198,1,53,86.1
64251,1204,1,51,97.2
64251,1208,1,65,93.5
64251,1226,1,49,87
64251,1239,1,37,95.3
64251,1246,0,59,80.5
64251,1263,0,55,88.8
64251,1266,1,60,83.3
64251,1272,1,46,92.5
64321,5001,0,46,61.1
64321,5004,1,74,92.5
64321,5007,1,44,52.7
64321,5021,1,48,70.3
64321,5024,1,52,82.4
64321,5025,1,60,70.3
64321,5031,0,51,32.4
64321,5041,1,65,70.3
64321,5044,1,53,76.8
64321,5051,0,70,75
64321,5053,1,53,86.1
64321,5056,0,55,61.1
64321,5080,0,60,78.7
64321,5084,1,60,57.4
64321,5086,1,50,47.2
64321,5092,0,41,37
64321,5094,0,45,37.9
64321,5097,0,61,62
64321,5100,0,57,62
64321,5102,1,65,86.1
64321,5107,1,49,42.5
64321,5110,0,49,54.6
64321,5122,0,53,49
64321,5132,1,46,51.8
64321,5163,0,60,40.7
64321,5167,1,78,81.4
64327,10,0,39,65.7
64327,11,0,36,74
64327,19,1,11,87
64327,27,1,40,90.7
64327,40,0,44,75.9
64327,41,1,45,85.1
64327,48,0,53,78.7
64327,49,0,35,66.6
64327,56,0,55,70.3
64327,57,0,46,78.7
64327,59,1,52,83.3
64327,63,1,45,79.6
64327,76,0,37,74
64327,77,1,61,84.2
64327,78,1,46,87
64327,89,0,48,74
64327,90,0,55,82.4
64327,93,0,41,80.5
64327,118,1,48,93.5
64327,125,0,30,64.8
64327,126,0,41,68.5
64327,134,1,53,93.5
64327,137,1,41,83.3
64327,149,0,55,75
64327,158,0,53,83.3
64327,163,0,40,69.4
64327,177,0,53,89.8
64327,181,1,44,80.5
64343,2,0,38,78.7
64343,17,1,78,98.1
64343,24,1,62,100
64343,30,1,50,90.7
64343,36,1,55,80.5
64343,37,0,34,9.25
64343,42,0,73,82.4
64343,51,1,40,87.9
64343,52,1,41,99
64343,53,0,60,16.6
64343,55,1,39,94.4
64343,60,1,55,96.2
64343,65,1,63,100
64343,70,1,59,79.6
64343,76,1,60,90.7
64343,79,1,31,89.8
64343,85,1,45,98.1
64343,86,1,55,91.6
64343,87,1,61,98.1
64343,88,0,58,54.6
64343,100,1,68,100
64343,107,0,43,96.2
64343,112,1,30,25.9
64343,113,0,63,84.2
64343,121,0,71,80.5
64343,122,1,36,100
64343,124,0,37,57.4
64343,133,1,41,98.1
64343,138,0,59,46.2
64343,145,0,38,48.1
64343,192,1,51,85.1
64343,197,1,56,95.3
64359,238,0,70,96.2
64359,259,0,74,87
64359,262,0,45,77.7
64359,310,1,45,78.7
64359,412,1,34,58.3
64359,596,0,70,87.9
64359,637,0,70,90.7
64359,699,1,55,75.9
64359,720,1,53,87
64359,734,1,53,78.7
64359,757,1,63,89.8
64359,794,1,56,80.5
64428,91,1,36,93.5
64428,119,1,50,62.9
64428,1290,0,46,62.9
64428,1291,0,55,50.9
65385,41,1,60,91.6
65385,129,0,53,90.7
65385,151,0,51,76.8
65385,195,0,57,85.1
66365,46,0,44,62.9
66365,109,1,53,97.2
66365,116,1,26,73.1
66365,134,1,57,86.1
66365,138,1,43,85.1
67051,16,0,36,37
67051,50,1,45,87
67051,60,1,45,78.7
67051,81,1,20,50.9
67051,89,0,43,40.7
67051,115,1,45,89.8
67051,159,0,35,69.4
67051,175,0,46,67.5
67105,14,1,45,25.9
67105,34,1,74,55.5
67105,40,1,58,68.5
67105,60,1,62,18.5
67105,68,0,78,77.7
67105,72,1,53,52.7
67105,96,1,71,66.6
67105,99,1,46,59.2
67105,103,1,50,59.2
67105,116,1,53,61.1
67105,128,1,79,75.9
67105,131,1,45,82.4
67105,132,1,65,55.5
67105,146,1,53,48.1
67105,147,0,55,85.1
67105,155,1,64,38.8
67105,156,0,67,57.4
67105,160,0,60,74
67105,192,1,55,60.1
67105,193,1,60,86.1
67105,196,0,57,74
67105,201,1,58,83.3
67105,207,1,62,57.4
67105,208,0,66,79.6
67105,209,1,57,72.2
67311,6,1,34,81.4
67311,17,0,61,78.7
67311,36,0,55,74
67311,50,1,65,92.5
67311,70,0,39,92.5
67311,87,1,38,87.9
67311,130,1,36,90.7
67311,141,1,59,91.6
67311,144,0,58,93.5
68107,5,1,53,90.7
68107,12,1,53,97.2
68107,18,1,52,87.9
68107,22,1,51,88.8
68107,25,1,49,84.2
68107,26,1,78,93.5
68107,28,1,45,71.2
68107,37,0,68,87.9
68107,45,1,67,83.3
68107,65,0,41,61.1
68107,66,1,22,64.8
68107,70,1,49,70.3
68107,73,1,55,78.7
68107,77,1,30,75
68107,78,0,65,78.7
68107,80,1,43,80.5
68107,83,0,51,81.4
68107,87,0,44,64.8
68107,92,1,28,86.1
68107,96,1,38,79.6
68107,99,0,73,92.5
68107,101,1,62,91.6
68107,110,1,55,83.3
68107,118,0,46,82.4
68107,126,1,46,83.3
68107,128,1,49,74
68107,133,1,36,67.5
68107,138,1,55,86.1
68107,144,1,16,63.8
68107,146,1,35,68.5
68107,148,1,23,47.2
68107,153,1,34,68.5
68107,156,1,34,68.5
68107,160,1,65,86.1
68107,163,1,41,69.4
68107,168,0,41,66.6
68107,171,1,32,65.7
68107,172,0,60,77.7
68107,174,0,43,69.4
68107,179,1,44,91.6
68107,180,0,57,78.7
68107,184,0,49,65.7
68107,185,1,51,70.3
68107,187,0,45,74
68107,188,0,46,61.1
68107,191,1,37,62
68107,197,1,32,69.4
68107,201,1,28,67.5
68107,205,0,28,55.5
68107,206,1,43,62
68107,209,0,48,80.5
68107,210,0,39,67.5
68107,211,1,18,64.8
68107,212,0,59,69.4
68107,219,0,33,74
68107,220,0,30,50
68111,7,1,53,80.5
68111,8,1,48,76.8
68111,9,1,33,76.8
68111,22,0,58,75
68111,34,1,45,86.1
68111,38,1,44,82.4
68111,43,1,38,77.7
68111,46,1,60,94.4
68111,49,1,56,75.9
68111,56,1,55,73.1
68111,57,1,60,82.4
68111,69,1,46,79.6
68111,70,0,50,74
68111,76,1,40,61.1
68111,84,0,41,69.4
68111,85,0,39,59.2
68111,88,0,53,82.4
68111,92,0,41,71.2
68111,95,1,58,85.1
68111,99,0,53,63.8
68111,109,0,49,74
68111,113,1,60,89.8
68111,120,0,37,73.1
68111,121,0,55,85.1
68121,5000,1,52,77.7
68121,5002,0,46,78.7
68121,5014,1,38,92.5
68121,5024,1,43,86.1
68121,5036,1,38,53.7
68121,5039,1,33,59.2
68121,5070,1,33,37.9
68121,5075,1,35,88.8
68121,5080,1,43,83.3
68121,5095,1,52,98.1
68121,5107,0,55,61.1
68121,5117,1,45,96.2
68121,5124,1,39,41.6
68121,5131,1,41,61.1
68121,5132,0,51,72.2
68121,5146,1,67,94.4
68125,14,0,56,71.2
68125,15,0,56,91.6
68125,16,1,40,64.8
68125,18,1,55,98.1
68125,27,0,45,74
68125,41,1,60,93.5
68125,42,1,35,86.1
68125,45,1,25,61.1
68125,61,1,38,87.9
68125,63,0,32,82.4
68125,73,1,41,79.6
68125,74,1,41,80.5
68125,77,1,43,92.5
68125,91,0,49,57.4
68125,93,1,57,90.7
68125,96,1,44,25
68125,99,1,48,84.2
68125,101,1,38,75
68125,104,1,51,60.1
68125,105,1,76,93.5
68125,111,1,51,85.1
68125,116,0,30,9.25
68125,117,1,62,86.1
68125,121,1,37,69.4
68125,126,0,29,33.3
68125,127,1,36,91.6
68125,128,1,48,78.7
68125,131,1,37,84.2
68125,135,1,55,97.2
68125,136,1,56,90.7
68125,139,0,38,62
68125,145,1,62,90.7
68125,149,0,48,65.7
68125,156,0,52,78.7
68125,159,0,40,76.8
68125,174,1,56,88.8
68125,176,1,52,61.1
68125,183,1,53,78.7
68125,196,0,46,87
68125,208,0,39,79.6
68125,211,1,62,98.1
68125,213,1,64,91.6
68125,214,1,23,73.1
68125,215,1,43,84.2
68125,216,1,73,98.1
68133,5020,1,45,86.1
68133,5023,1,25,71.2
68133,5035,1,34,93.5
68133,5043,1,36,82.4
68133,5056,1,37,78.7
68133,5069,0,46,55.5
68133,5071,0,41,70.3
68133,5087,1,41,88.8
68133,5098,0,38,87.9
68133,5100,0,64,85.1
68133,5104,0,21,50.9
68133,5108,0,30,66.6
68133,5111,1,20,29.6
68133,5112,1,59,90.7
68133,5131,0,29,72.2
68133,5143,0,57,92.5
68133,5163,1,37,85.1
68133,5176,1,27,67.5
68133,5177,1,51,88.8
68133,5183,0,43,79.6
68133,5196,0,23,81.4
68133,5198,1,31,60.1
68133,5202,1,40,91.6
68133,5205,1,36,77.7
68133,5210,1,20,59.2
68133,5220,0,38,86.1
68133,5255,1,40,80.5
68133,5261,1,36,76.8
68133,5270,0,30,70.3
68133,5278,1,60,89.8
68133,5287,0,32,69.4
68133,5288,1,43,91.6
68133,5296,1,51,91.6
68133,5298,0,25,63.8
68137,1,1,18,56.4
68137,2,1,23,55.5
68137,4,1,29,73.1
68137,9,1,20,60.1
68137,11,1,34,63.8
68137,12,1,60,89.8
68137,13,1,44,76.8
68137,14,1,20,58.3
68137,16,1,16,52.7
68137,18,1,41,54.6
68137,22,1,34,85.1
68137,23,1,25,61.1
68137,24,1,51,73.1
68137,25,1,23,75
68137,26,1,18,75.9
68137,27,1,36,69.4
68137,28,1,38,72.2
68137,34,1,13,55.5
68137,38,1,53,82.4
68137,39,1,18,47.2
68137,41,1,18,56.4
68137,42,1,36,83.3
68137,43,1,51,64.8
68137,45,1,18,49
68137,46,1,44,84.2
68137,48,1,27,78.7
68137,49,1,35,61.1
68137,50,1,34,83.3
68137,52,1,23,27.7
68137,54,1,22,54.6
68137,56,1,32,73.1
68137,59,1,59,89.8
68137,62,1,36,69.4
68137,64,1,23,74
68137,65,1,2.5,50
68137,67,1,39,64.8
68137,69,1,23,76.8
68137,70,1,41,67.5
68137,74,1,21,81.4
68137,75,1,14,31.4
68137,77,1,18,60.1
68137,78,1,13,54.6
68137,79,1,7.5,27.7
68137,80,1,4.3,50.9
68137,81,1,23,54.6
68137,82,1,30,80.5
68137,83,1,30,84.2
68137,84,1,14,28.7
68137,85,1,11,27.7
68137,86,1,41,70.3
68137,87,1,39,76.8
68137,91,1,16,76.8
68137,92,1,13,62
68137,96,1,18,32.4
68137,97,1,11,57.4
68137,100,1,11,61.1
68137,101,1,33,72.2
68137,207,0,32,52.7
68137,208,0,25,59.2
68137,209,0,11,37
68137,212,0,34,54.6
68137,214,0,23,51.8
68137,215,0,25,60.1
68137,221,0,48,85.1
68137,222,0,20,73.1
68137,223,0,34,65.7
68137,226,0,32,62.9
68137,228,0,23,43.5
68137,231,0,25,55.5
68137,233,0,30,37
68137,234,0,33,49
68137,237,0,37,69.4
68137,239,0,36,63.8
68137,242,0,18,42.5
68137,243,0,27,57.4
68137,251,0,41,67.5
68137,255,0,36,62
68137,258,0,23,61.1
68137,261,0,46,89.8
68137,264,0,50,70.3
68137,268,0,15,43.5
68137,272,0,43,78.7
68137,273,0,35,60.1
68201,3,0,82,92.5
68201,5,1,79,88.8
68201,11,1,50,71.2
68201,14,0,60,61.1
68207,7,1,32,58.3
68207,84,1,25,41.6
68207,101,1,23,62.9
68207,126,1,26,57.4
68217,1,0,41,70.3
68217,3,0,37,43.5
68217,16,0,31,44.4
68217,71,1,49,95.3
68217,75,1,32,74
68217,83,1,20,76.8
68217,87,1,30,88.8
68217,94,1,36,72.2
68217,100,1,43,84.2
68217,101,1,41,82.4
68217,106,1,45,73.1
68217,110,1,26,86.1
68217,112,1,50,87
68217,114,1,32,85.1
68217,118,1,30,74
68217,121,1,48,94.4
68217,125,1,38,62
68227,3,0,56,76.8
68227,13,0,60,79.6
68227,15,0,39,76.8
68227,20,0,35,70.3
68227,21,0,38,76.8
68227,28,0,50,61.1
68227,30,0,36,10.1
68227,44,0,36,70.3
68227,46,0,41,87
68227,50,0,46,57.4
68227,55,0,41,62.9
68227,80,1,44,70.3
68227,84,1,40,62
68227,123,1,32,76.8
68233,405,1,30,78.7
68233,408,0,37,43.5
68233,422,0,39,67.5
68233,428,0,51,67.5
68233,434,0,32,44.4
68233,436,0,41,65.7
68233,438,1,23,47.2
68233,440,1,32,74
68233,441,1,65,92.5
68233,442,1,35,58.3
68233,444,1,66,90.7
68233,448,1,25,41.6
68233,455,0,33,39.8
68233,457,0,14,23.1
68233,466,1,27,50
68233,467,1,60,85.1
68233,469,1,41,51.8
68233,470,1,37,55.5
68233,471,1,43,88.8
68233,473,1,31,60.1
68233,480,0,38,47.2
68233,484,0,35,50
68233,487,0,35,64.8
68233,490,1,45,85.1
68233,498,1,73,89.8
68233,501,1,18,68.5
68233,652,1,43,71.2
68233,921,0,58,50
68233,1052,1,30,52.7
68237,7,0,48,67.5
68237,11,1,48,83.3
68237,18,0,55,62.9
68237,32,1,61,87
68237,36,1,60,99
68237,41,1,55,86.1
68237,42,1,38,82.4
68237,62,0,49,77.7
68237,71,1,46,73.1
68237,73,0,56,75.9
68237,75,0,46,80.5
68237,84,0,48,65.7
68237,87,0,53,86.1
68237,110,0,46,74
68237,126,0,49,72.2
68237,128,0,46,92.5
68237,129,1,59,65.7
68237,134,0,41,74
68237,153,1,61,87
68237,158,1,38,66.6
68237,162,0,53,78.7
68237,164,1,39,52.7
68237,178,1,43,66.6
68237,185,1,46,90.7
68237,188,0,66,77.7
68237,197,0,51,81.4
68237,208,1,71,94.4
68237,212,0,52,87
68241,1004,1,53,88.8
68241,1012,1,48,76.8
68241,1020,1,61,70.3
68241,1031,1,53,87
68241,1032,1,53,90.7
68241,1056,1,46,59.2
68241,1066,1,33,63.8
68241,1070,1,49,58.3
68241,1072,1,41,79.6
68241,1073,1,53,74
68241,1074,1,39,75.9
68241,1076,0,49,46.2
68241,1095,0,70,86.1
68241,1117,0,56,75.9
68255,1,0,38,50.9
68255,2,0,55,84.2
68255,6,0,48,86.1
68255,9,0,46,78.7
68255,10,0,55,87.9
68255,24,0,53,93.5
68255,28,0,68,95.3
68255,35,0,65,80.5
68255,43,0,43,78.7
68255,53,0,62,84.2
68255,56,0,51,78.7
68255,63,0,51,83.3
68255,67,0,66,98.1
68255,70,1,50,90.7
68255,79,1,61,88.8
68255,83,1,53,94.4
68255,89,1,61,80.5
68255,98,1,60,92.5
68255,102,1,53,88.8
68255,106,1,43,90.7
68255,110,1,58,75.9
68255,116,1,55,85.1
68255,118,1,53,92.5
68271,48,1,31,62.9
68271,75,1,44,56.4
68271,90,1,36,49
68271,102,0,25,41.6
68271,141,0,45,62
68271,160,1,36,89.8
68271,169,1,43,84.2
68271,170,0,56,89.8
68271,241,1,36,79.6
68271,246,1,36,73.1
68303,9,0,44,63.8
68303,18,0,67,85.1
68303,31,0,55,58.3
68303,32,0,60,83.3
68303,49,1,45,42.5
68303,50,0,41,54.6
68303,63,0,48,71.2
68303,64,1,62,84.2
68303,86,1,46,69.4
68303,93,1,40,67.5
68303,96,0,56,65.7
68303,100,0,71,95.3
68303,101,0,48,85.1
68303,106,0,37,67.5
68303,110,1,51,84.2
68303,113,0,67,69.4
68303,117,0,48,61.1
68303,120,0,35,51.8
68303,128,1,32,55.5
68303,138,1,57,79.6
68303,141,1,43,57.4
68303,153,0,50,39.8
68303,157,1,55,75
68303,161,1,43,54.6
68303,167,1,28,62
68303,168,1,53,79.6
68303,169,1,36,66.6
68303,175,0,52,62
68303,176,1,63,69.4
68303,178,0,65,76.8
68303,192,1,56,63.8
68303,193,0,55,73.1
68303,195,0,56,60.1
68303,197,0,59,65.7
68303,199,0,46,56.4
68321,5001,1,51,78.7
68321,5005,1,41,83.3
68321,5021,1,51,77.7
68321,5023,0,43,97.2
68321,5031,0,64,97.2
68321,5033,0,57,91.6
68321,5034,1,31,73.1
68321,5035,1,48,83.3
68321,5040,0,43,73.1
68321,5041,1,39,58.3
68321,5042,0,68,63.8
68321,5053,0,40,69.4
68321,5058,0,39,82.4
68321,5059,1,55,73.1
68321,5067,0,52,72.2
68321,5080,1,41,81.4
68321,5082,1,56,87
68321,5083,0,60,78.7
68321,5089,0,48,76.8
68321,5092,1,41,85.1
68321,5093,0,38,43.5
68321,5094,0,46,61.1
68321,5097,1,48,94.4
68321,5098,1,65,88.8
68321,5099,0,50,78.7
68321,5106,1,60,77.7
68321,5107,1,51,60.1
68321,5125,1,60,92.5
68321,5128,0,61,79.6
68321,5130,1,51,74
68321,5131,0,81,96.2
68321,5133,0,59,97.2
68321,5137,1,59,72.2
68321,5140,1,59,84.2
68321,5144,1,53,70.3
68321,5150,1,53,85.1
68321,5151,1,60,83.3
68321,5152,1,46,83.3
68321,5153,0,68,88.8
68329,8,0,44,62.9
68329,103,1,53,79.6
68329,128,1,40,91.6
68329,133,0,43,75
68329,156,1,55,92.5
68329,163,1,50,89.8
68405,5011,0,51,95.3
68405,5023,1,67,73.1
68405,5026,1,65,87.9
68405,5028,0,55,89.8
68405,5035,1,76,95.3
68405,5045,1,51,67.5
68405,5063,1,53,64.8
68405,5074,0,41,63.8
68405,5080,1,34,79.6
68405,5090,0,56,77.7
68405,5091,1,65,90.7
68405,5092,0,61,84.2
68405,5097,1,48,93.5
68405,5104,1,66,74
68405,5113,1,50,86.1
68405,5116,1,48,77.7
68405,5119,1,66,87.9
68405,5140,1,75,81.4
68405,5145,1,64,84.2
68405,5146,0,55,86.1
68405,5166,1,66,62
68405,5183,1,52,77.7
68405,5184,1,45,92.5
68405,5193,1,44,70.3
68405,5194,1,55,71.2
68405,5209,0,55,55.5
68405,5214,1,49,68.5
68405,5215,0,59,96.2
68405,5223,1,71,84.2
68405,5226,1,32,75.9
68411,1,1,39,70.3
68411,2,1,30,41.6
68411,3,0,46,56.4
68411,4,1,44,55.5
68411,7,1,31,55.5
68411,15,1,49,66.6
68411,20,0,59,81.4
68411,21,1,48,60.1
68411,22,1,46,74
68411,27,1,32,37
68411,32,0,29,45.3
68411,34,1,65,50
68411,36,1,14,19.4
68411,37,0,52,47.2
68411,39,1,31,65.7
68411,42,1,53,71.2
68411,47,1,29,58.3
68411,51,0,49,76.8
68411,56,1,43,50.9
68411,59,1,52,76.8
68411,60,0,26,38.8
68411,63,1,34,64.8
68411,66,0,38,58.3
68411,67,1,30,69.4
68411,72,1,34,68.5
68411,77,1,34,74
68411,83,1,20,30.5
68411,88,1,55,75.9
68411,90,1,32,62
68411,99,1,30,68.5
68411,101,1,62,79.6
68411,102,0,46,46.2
68411,103,1,41,64.8
68411,111,0,59,65.7
68411,112,0,30,42.5
68411,119,1,63,83.3
68411,122,0,38,48.1
68411,124,1,41,62.9
68411,138,0,41,38.8
68411,139,1,49,74
68411,141,1,36,67.5
68411,145,1,16,32.4
68411,151,0,35,60.1
68411,152,0,41,64.8
68411,154,1,28,52.7
68411,155,0,38,61.1
68411,156,1,26,58.3
68411,164,0,53,78.7
68411,165,1,46,64.8
68411,169,0,40,67.5
68411,170,0,48,76.8
68411,172,1,43,68.5
68411,176,0,36,58.3
68411,178,0,67,38.8
68411,179,0,58,70.3
68411,181,1,38,56.4
68411,182,0,23,23.1
68411,188,1,45,60.1
68411,193,1,36,56.4
68411,194,1,44,59.2
68411,195,1,43,75
68411,197,1,33,61.1
68411,200,0,50,72.2
68411,207,1,41,52.7
68411,209,1,22,50
68417,5000,1,30,71.2
68417,5001,1,34,76.8
68417,5002,1,70,89.8
68417,5004,0,50,81.4
68417,5009,1,32,58.3
68417,5011,0,63,80.5
68417,5013,1,55,81.4
68417,5017,0,38,79.6
68417,5022,0,33,78.7
68417,5024,1,34,71.2
68417,5025,0,45,67.5
68417,5029,0,41,59.2
68417,5034,1,41,70.3
68417,5035,1,49,75.9
68417,5043,0,45,78.7
68417,5047,0,50,70.3
68417,5052,0,64,62.9
68417,5053,0,71,89.8
68417,5054,0,78,87.9
68417,5058,1,30,70.3
68417,5061,0,46,84.2
68417,5062,0,49,60.1
68417,5066,1,53,88.8
68417,5068,0,45,53.7
68417,5069,0,43,80.5
68417,5070,0,66,89.8
68417,5071,0,60,89.8
68417,5072,1,43,45.3
68417,5074,1,62,78.7
68417,5077,1,43,77.7
68417,5079,0,66,92.5
68417,5080,0,57,67.5
68417,5083,1,40,59.2
68417,5087,0,64,70.3
68417,5090,1,69,83.3
68417,5092,1,48,87.9
68417,5093,0,67,81.4
68417,5095,1,56,42.5
68417,5097,0,57,75
68417,5098,0,68,67.5
68531,6,1,68,74
68531,12,1,41,61.1
68531,32,0,63,68.5
68531,35,1,64,86.1
68531,68,0,56,39.8
68531,77,1,41,67.5
68531,95,1,67,78.7
68531,118,1,44,74
68531,126,1,59,94.4
68531,137,1,57,79.6
68531,154,1,48,87.9
68531,190,0,65,83.3
68531,192,1,53,85.1
68531,193,1,43,72.2
68531,211,1,55,81.4
68611,2,0,43,59.2
68611,15,0,41,51.8
68611,41,1,31,65.7
68611,47,1,35,59.2
68611,49,1,34,67.5
68611,50,1,43,80.5
68611,52,1,16,68.5
68611,53,1,31,54.6
68611,54,1,44,70.3
68629,22,0,43,84.2
68629,24,0,59,72.2
68629,25,0,53,73.1
68629,32,1,39,75
68629,44,0,76,91.6
68629,48,0,49,61.1
68629,52,1,53,69.4
68629,60,1,34,85.1
68629,62,1,53,81.4
68629,81,0,43,44.4
68629,82,1,43,79.6
68629,98,0,55,38.8
68629,102,0,50,85.1
68629,106,1,55,83.3
68629,108,1,41,68.5
68629,110,0,61,87.9
68629,115,0,59,81.4
68629,124,0,55,70.3
68629,139,1,50,98.1
68629,143,1,49,85.1
68629,156,0,48,51.8
68629,162,0,37,62.9
68629,176,1,56,82.4
68629,189,0,65,70.3
68711,17,1,30,55.5
68711,66,1,30,37
68711,75,1,37,55.5
68711,79,0,55,58.3
68711,182,1,41,70.3
68711,188,0,44,45.3
68711,225,0,46,32.4
68723,5107,1,48,77.7
68723,5121,1,37,52.7
68723,5122,1,37,63.8
68723,5322,0,52,62.9
68723,5516,1,50,73.1
68805,1,1,62,98.1
68805,12,0,64,96.2
68805,17,0,44,76.8
68805,27,0,62,96.2
68805,33,1,38,77.7
68805,41,1,60,89.8
68805,44,0,40,86.1
68805,61,0,60,86.1
68805,65,1,35,86.1
68805,66,1,32,54.6
68805,74,1,46,74
68805,76,1,51,99
68805,77,1,22,57.4
68805,78,0,45,66.6
68805,80,0,61,68.5
68805,83,0,65,93.5
68805,88,1,34,74
68805,96,0,48,90.7
68805,98,1,34,83.3
68805,99,0,52,78.7
68805,107,0,55,77.7
68805,115,1,37,85.1
68805,120,0,53,95.3
68805,133,0,65,89.8
68805,143,0,53,94.4
68805,146,0,33,79.6
68805,148,1,72,96.2
68809,1,0,43,75
68809,5,0,59,65.7
68809,7,0,44,60.1
68809,9,0,46,72.2
68809,10,1,28,73.1
68809,13,1,39,79.6
68809,14,1,25,59.2
68809,17,0,35,86.1
68809,23,1,44,69.4
68809,25,0,50,54.6
68809,30,0,46,75.9
68809,31,1,40,78.7
68809,32,0,40,60.1
68809,33,1,39,59.2
68809,36,1,61,91.6
68809,39,0,32,60.1
68809,42,0,55,77.7
68809,43,1,34,71.2
68809,44,0,53,68.5
68809,45,1,39,75
68809,46,1,43,67.5
68809,47,0,53,63.8
68809,57,0,64,87
68809,61,1,23,57.4
68809,66,1,52,86.1
68809,67,0,53,77.7
68809,72,1,36,75
68809,75,0,37,72.2
68809,76,1,41,64.8
68809,77,1,39,76.8
68809,78,0,39,62.9
68809,84,1,27,73.1
68809,89,1,74,92.5
68809,92,1,27,81.4
68809,93,1,31,70.3
68809,97,0,41,72.2
68809,98,0,36,57.4
68809,100,1,33,68.5
68809,102,0,40,72.2
68809,103,1,61,78.7
68809,105,0,30,74
68809,107,1,38,63.8
68809,110,1,51,85.1
68809,113,1,58,81.4
68809,116,0,55,75.9
68809,118,1,26,61.1
68809,120,0,36,70.3
68809,121,1,30,62.9
68809,123,0,43,48.1
68809,125,1,53,75.9
68809,129,1,79,93.5
68809,132,1,69,96.2
68809,133,1,25,74
68809,134,1,32,45.3
68809,138,0,60,67.5
68809,139,1,38,59.2
68809,140,1,55,93.5
68809,141,0,34,47.2
68809,146,1,27,70.3
68809,148,0,30,41.6
68809,149,1,38,80.5
71927,10,0,40,67.5
71927,19,1,46,66.6
71927,23,0,53,68.5
71927,26,1,53,75
71927,43,0,39,67.5
71927,53,1,36,71.2
71927,59,1,35,62
71927,79,1,38,69.4
71927,83,1,31,68.5
71927,96,1,22,63.8
71927,97,0,38,59.2
71927,110,1,55,77.7
71927,121,0,55,73.1
71927,128,0,44,68.5
71927,145,0,55,69.4
71927,151,0,37,62.9
74330,14,0,46,57.4
74330,116,0,41,47.2
74330,173,1,43,68.5
74330,208,1,53,75.9
74862,305,0,61,87.9
74862,309,0,35,47.2
74862,310,0,51,75
74862,323,0,14,52.7
74862,324,0,48,48.1
74862,329,0,37,56.4
74862,332,0,52,68.5
74862,334,1,50,73.1
74862,347,0,49,75.9
74862,353,0,56,53.7
74862,360,0,73,92.5
74862,371,1,51,75.9
74862,375,1,57,87
74862,379,1,46,64.8
74862,383,1,46,75.9
74862,387,1,55,82.4
74862,397,1,34,60.1
74862,403,1,51,66.6
74862,406,1,38,90.7
74862,407,1,35,58.3
74862,415,1,67,85.1
74862,418,0,68,84.2
74862,427,1,60,93.5
74862,428,1,66,93.5
74862,436,1,43,78.7
74862,437,1,43,67.5
74862,446,0,39,78.7
74862,448,0,44,80.5
74862,458,1,46,87
74862,460,1,36,62.9
74862,462,1,46,78.7
74862,463,1,55,95.3
74862,469,0,25,48.1
74862,471,1,45,46.2
74874,35,1,55,91.6
74874,48,1,62,92.5
74874,49,0,60,86.1
74874,50,1,28,80.5
74874,51,1,22,80.5
74874,58,1,52,88.8
74874,60,1,48,91.6
74874,63,1,60,96.2
74874,64,1,50,83.3
74874,66,1,57,87.9
74874,69,1,53,85.1
74874,72,0,49,85.1
74874,73,1,40,87
74874,76,1,46,83.3
74874,82,1,43,93.5
74874,84,0,37,73.1
76531,1,0,64,48.1
76531,30,1,36,62
76531,49,1,61,64.8
76531,53,0,38,62.9
76531,95,1,23,46.2
76631,4,1,39,65.7
76631,6,1,43,69.4
76631,12,0,45,55.5
76631,23,1,41,81.4
76631,29,1,37,78.7
76631,56,1,40,84.2
76631,76,1,51,79.6
76631,86,1,61,72.2
76631,88,1,51,88.8
76631,100,1,32,70.3
76631,106,0,43,78.7
76631,109,1,55,83.3
76631,119,0,44,31.4
76631,125,0,43,69.4
76631,130,0,38,81.4
76631,133,1,49,87.9
76631,139,0,58,78.7
76631,150,0,50,82.4
76631,155,1,57,76.8
76631,161,0,38,84.2
76631,165,1,36,81.4
76631,185,1,52,79.6
76631,201,1,40,92.5
76631,202,1,57,99
76631,206,0,46,38.8
76631,212,1,90,96.2
76631,223,1,53,75.9
76631,250,0,45,69.4
77207,5002,1,34,74
77207,5004,1,34,60.1
77207,5005,0,35,78.7
77207,5008,1,35,81.4
77207,5013,1,28,68.5
77207,5018,0,33,86.1
77207,5019,1,23,62.9
77207,5025,1,27,62.9
77207,5031,1,40,61.1
77207,5037,1,34,65.7
77207,5038,0,31,79.6
77207,5041,0,36,62.9
77207,5042,1,40,69.4
77207,5043,0,27,64.8
77207,5044,1,25,75.9
77207,5055,1,27,64.8
77207,5059,0,37,74
84707,5,1,60,87.9
84772,7,1,56,90.7
84772,12,1,58,72.2
84772,24,1,61,94.4
84772,27,1,65,91.6
84772,29,0,53,67.5
84772,31,1,58,90.7
84772,48,1,65,82.4
84772,52,0,62,77.7
84772,58,0,55,83.3
84772,63,1,60,97.2
84772,66,1,59,91.6
84772,95,1,65,94.4
84772,104,0,65,60.1
84772,114,0,66,82.4
